<?xml version="1.0" encoding="UTF-8"?>
<!DOCTYPE tiles-definitions PUBLIC "-//Apache Software Foundation//DTD Tiles Configuration 3.0//EN" "http://tiles.apache.org/dtds/tiles-config_3_0.dtd">
<tiles-definitions>
	<definition name="defaultTemplate">
		<put-attribute name="title" value=":: Internship Portal ::" />
		<put-attribute name="body" value="" />
		<put-attribute name="footer" value="/WEB-INF/views/footer.jsp" />
	</definition>
	<definition name="searchTemplate" template="/WEB-INF/tiles/searchTemplate.jsp"
		extends="defaultTemplate">
		<put-attribute name="header" value="/WEB-INF/views/header.jsp" />
		<put-attribute name="customJS" value="" />
		<put-attribute name="body" value="" />
		<put-attribute name="customCss" value="" />
	</definition>
	<definition name="ajaxTemplate" template="/WEB-INF/tiles/ajax-template.jsp"
		extends="defaultTemplate">
		<put-attribute name="body" value="" />
	</definition>
	<definition name="dashboardTemplate" template="/WEB-INF/tiles/dashboardTemplate.jsp" extends="defaultTemplate">
	   <put-attribute name="header" value="/WEB-INF/views/headerNew.jsp" />
	   <put-attribute name="menu" value="/WEB-INF/views/menu.jsp" />
	   <put-attribute name="breadcrumb" value="/WEB-INF/views/breadcrumb.jsp" />
	   <put-attribute name="customJS" value="" />
	   <put-attribute name="customCss" value="" />
	</definition>
</tiles-definitions>