<?xml version="1.0" encoding="UTF-8"?>
<!DOCTYPE tiles-definitions PUBLIC "-//Apache Software Foundation//DTD Tiles Configuration 3.0//EN"
  "http://tiles.apache.org/dtds/tiles-config_3_0.dtd">
<!-- dashboardTemplate, ajaxTemplate, dashboardTemplate -->
<tiles-definitions>
	<definition name="search" extends="dashboardTemplate">
		<put-attribute name="body" value="/WEB-INF/views/search.jsp" />
		<put-list-attribute name="customCss">
			<add-attribute value="resources/css/search.css" />
		</put-list-attribute>
	</definition>
	<definition name="home" extends="dashboardTemplate">
		<put-attribute name="body" value="/WEB-INF/views/home.jsp" />
		<put-list-attribute name="customJS">
			<add-attribute value="resources/js/page/registration.js"></add-attribute>
		</put-list-attribute>
	</definition>
	<definition name="header" extends="dashboardTemplate">
		<put-attribute name="body" value="/WEB-INF/views/header.jsp" />
	</definition>
	<definition name="signinUserType" extends="ajaxTemplate">
		<put-attribute name="body"
			value="/WEB-INF/views/register/signinUserType.jsp" />
	</definition>
	<definition name="signupUserType" extends="ajaxTemplate">
		<put-attribute name="body"
			value="/WEB-INF/views/register/signupUserType.jsp" />
	</definition>

	<definition name="userSignUp" extends="ajaxTemplate">
		<put-attribute name="body"
			value="/WEB-INF/views/register/signUpModel.jsp" />
	</definition>
	<!-- Latest -->
	<definition name="auth/userTypeModel" extends="ajaxTemplate">
		<put-attribute name="body"
			value="/WEB-INF/views/auth/signinUserType.jsp" />
	</definition>
	<definition name="auth/userSignInUpModel" extends="ajaxTemplate">
		<put-attribute name="body"
			value="/WEB-INF/views/auth/signInModel.jsp" />
	</definition>
	<definition name="auth/userSignIn" extends="ajaxTemplate">
		<put-attribute name="body"
			value="/WEB-INF/views/auth/signInModel.jsp" />
	</definition>
	<definition name="studentView" extends="dashboardTemplate">
		<put-attribute name="body" value="/WEB-INF/views/studentView.jsp" />
	</definition>
	<definition name="studentProfile" extends="dashboardTemplate">
		<put-attribute name="body" value="/WEB-INF/views/studentProfile.jsp" />
		<put-list-attribute name="customJS">
			<add-attribute value="resources/Plugins/state.js"></add-attribute>
			<add-attribute value="resources/Plugins/city.js"></add-attribute>
			<add-attribute value="resources/js/page/studentProfile.js"></add-attribute>
		</put-list-attribute>
	</definition>
	<definition name="studentDashboard" extends="dashboardTemplate">
		<put-attribute name="body"
			value="/WEB-INF/views/studentDashboard.jsp" />
	</definition>
	<definition name="studentDashboardNew" extends="dashboardTemplate">
		<put-attribute name="body"
			value="/WEB-INF/views/studentDashboardNew.jsp" />
		<put-list-attribute name="customCss">
			<add-attribute value="resources/css/new/appProfile.css"></add-attribute>
		</put-list-attribute>
		<put-list-attribute name="customJS">
			<add-attribute value="resources/Plugins/custom/appProfile.js"></add-attribute>
			<add-attribute value="resources/Plugins/custom/timeLine.js"></add-attribute>
		</put-list-attribute>
	</definition>
	<definition name="postInternships" extends="dashboardTemplate">
		<put-attribute name="body" value="/WEB-INF/views/postInternships.jsp" />
		<put-list-attribute name="customJS">
			<add-attribute
				value="resources/Plugins/datepicker/bootstrap-datepicker.min.js"></add-attribute>
			<add-attribute value="resources/Plugins/city.js"></add-attribute>
			<!-- <add-attribute value="resources/bootstrap/js/parsley.min.js"></add-attribute> -->
			<add-attribute value="resources/js/page/postInternship.js"></add-attribute>
		</put-list-attribute>
	</definition>
	<definition name="companyProfile" extends="dashboardTemplate">
		<put-attribute name="body" value="/WEB-INF/views/companyProfile.jsp" />
	</definition>
	<definition name="admin" extends="dashboardTemplate">
		<put-attribute name="body" value="/WEB-INF/views/admin.jsp" />
	</definition>
	<definition name="emailQueue" extends="dashboardTemplate">
		<put-attribute name="body" value="/WEB-INF/views/emailQueue.jsp" />
	</definition>
	<definition name="emailTemplate" extends="dashboardTemplate">
		<put-attribute name="body" value="/WEB-INF/views/emailTemplate.jsp" />
	</definition>
	<definition name="emailTemplate-edit" extends="dashboardTemplate">
		<put-attribute name="body"
			value="/WEB-INF/views/emailTemplate-edit.jsp" />
	</definition>
	<definition name="about" extends="dashboardTemplate">
		<put-attribute name="body" value="/WEB-INF/views/about.jsp" />
	</definition>
	<definition name="contact" extends="dashboardTemplate">
		<put-attribute name="body" value="/WEB-INF/views/contact.jsp" />
	</definition>
	<definition name="dashboardCompany" extends="dashboardTemplate">
		<put-attribute name="body"
			value="/WEB-INF/views/dashboardCompany.jsp" />
	</definition>

	<definition name="companyDashboard" extends="dashboardTemplate">
		<put-attribute name="body"
			value="/WEB-INF/views/companyDashboard.jsp" />
	</definition>
	<definition name="companyDashboardNew" extends="dashboardTemplate">
		<put-attribute name="body"
			value="/WEB-INF/views/companyDashboardNew.jsp" />
		<put-list-attribute name="customCss">
			<add-attribute value="resources/css/new/appProfile.css"></add-attribute>
		</put-list-attribute>
		<put-list-attribute name="customJS">
			<add-attribute value="resources/Plugins/custom/appProfile.js"></add-attribute>
			<add-attribute value="resources/Plugins/custom/timeLine.js"></add-attribute>
		</put-list-attribute>
	</definition>
	<definition name="auth/signInModel" extends="dashboardTemplate">
		<put-attribute name="body"
			value="/WEB-INF/views/auth/signInModel.jsp" />
	</definition>
	<definition name="auth/signInModel" extends="dashboardTemplate">
		<put-attribute name="body"
			value="/WEB-INF/views/auth/signinUserType.jsp" />
	</definition>

	<definition name="emailTemplate" extends="dashboardTemplate">
		<put-attribute name="body" value="/WEB-INF/views/emailTemplate.jsp" />
	</definition>
	<definition name="studentDetails" extends="ajaxTemplate">
		<put-attribute name="body" value="/WEB-INF/views/studentDetails.jsp" />
	</definition>
	<definition name="companyProfileView" extends="dashboardTemplate">
		<put-attribute name="body"
			value="/WEB-INF/views/companyProfileView.jsp" />
	</definition>
	<definition name="companyView" extends="dashboardTemplate">
		<put-attribute name="body" value="/WEB-INF/views/companyView.jsp" />
	</definition>
	<definition name="changePassword" extends="dashboardTemplate">
		<put-attribute name="body" value="/WEB-INF/views/changePassword.jsp" />
	</definition>
	<definition name="postDetails" extends="ajaxTemplate">
		<put-attribute name="body" value="/WEB-INF/views/postDetails.jsp" />
	</definition>
	<definition name="attachmentUpload" extends="ajaxTemplate">
		<put-attribute name="body" value="/WEB-INF/views/attachment.jsp" />
	</definition>
	<definition name="viewMoreDetails" extends="ajaxTemplate">
		<put-attribute name="body" value="/WEB-INF/views/viewMoreDetails.jsp" />
	</definition>
	<definition name="attachmentUpload" extends="ajaxTemplate">
		<put-attribute name="body" value="/WEB-INF/views/attachment.jsp" />
	</definition>
	<definition name="faq" extends="dashboardTemplate">
		<put-attribute name="body" value="/WEB-INF/views/faq.jsp" />
	</definition>
</tiles-definitions>