<?xml version="1.0" encoding="UTF-8"?>
<beans xmlns:xsi="http://www.w3.org/2001/XMLSchema-instance"
	xmlns="http://www.springframework.org/schema/beans" xmlns:jpa="http://www.springframework.org/schema/data/jpa"
	xmlns:jdbc="http://www.springframework.org/schema/jdbc" xmlns:context="http://www.springframework.org/schema/context"
	xsi:schemaLocation="http://www.springframework.org/schema/beans http://www.springframework.org/schema/beans/spring-beans-4.1.xsd
     http://www.springframework.org/schema/data/jpa http://www.springframework.org/schema/data/jpa/spring-jpa.xsd
     http://www.springframework.org/schema/jdbc http://www.springframework.org/schema/jdbc/spring-jdbc-4.1.xsd
     http://www.springframework.org/schema/context http://www.springframework.org/schema/context/spring-context-4.1.xsd">

	<context:annotation-config />
	<jpa:repositories base-package="com.intern.repository" />
	<context:component-scan base-package="com.intern.auditor" />
	<context:component-scan base-package="com.intern.repository" />
	<context:component-scan base-package="com.intern.interceptors" />
	<bean id="propertyPlaceholderConfigurer"
		class="org.springframework.beans.factory.config.PropertyPlaceholderConfigurer">
		<property name="locations">
			<list>
				<value>classpath:jdbc.properties</value>
				   <value>classpath:javamail.properties</value>
			</list>
		</property>
	</bean>


	<bean id="dataSource" class="org.apache.commons.dbcp2.BasicDataSource"
		destroy-method="close">
		<property name="url" value="${jdbc.url}" />
		<property name="driverClassName" value="${jdbc.driverClassName}" />
		<property name="username" value="${jdbc.userName}" />
		<property name="password" value="${jdbc.password}" />
		<property name="testWhileIdle" value="true" />
		<property name="testOnBorrow" value="true" />
		<property name="validationQuery" value="SELECT 1" />
		<property name="testOnReturn" value="false" />
		<property name="timeBetweenEvictionRunsMillis" value="30000" />
		<property name="initialSize" value="5" />
		<property name="minIdle" value="4" />
		<property name="maxTotal" value="100" />
		<property name="maxWaitMillis" value="1000" />
		<property name="removeAbandonedTimeout" value="60" />
		<property name="minEvictableIdleTimeMillis" value="25000" />
		<property name="logAbandoned" value="true" />
	</bean>

	<bean id="jpaAdapter"
		class="org.springframework.orm.jpa.vendor.HibernateJpaVendorAdapter">
		<property name="showSql" value="${jdbc.showSQL}" />
		<property name="databasePlatform" value="org.hibernate.dialect.MySQL5Dialect" />
	</bean>
	<jpa:auditing auditor-aware-ref="auditorAwareService" />

	<bean id="entityManagerFactory"
		class="org.springframework.orm.jpa.LocalContainerEntityManagerFactoryBean"
		depends-on="appAuditLogInterceptor">
		<property name="dataSource" ref="dataSource" />
		<property name="jpaVendorAdapter" ref="jpaAdapter" />
		<property name="loadTimeWeaver">
			<bean
				class="org.springframework.instrument.classloading.InstrumentationLoadTimeWeaver" />
		</property>
		<property name="persistenceUnitName" value="punit" />
	</bean>

	<jpa:auditing auditor-aware-ref="auditorAwareService" />

	<bean id="transactionManager" class="org.springframework.orm.jpa.JpaTransactionManager">
		<property name="entityManagerFactory" ref="entityManagerFactory" />
	</bean>
</beans>