<?xml version="1.0" encoding="UTF-8"?>
<beans:beans xmlns="http://www.springframework.org/schema/security"
	xmlns:beans="http://www.springframework.org/schema/beans" xmlns:xsi="http://www.w3.org/2001/XMLSchema-instance"
	xsi:schemaLocation="http://www.springframework.org/schema/beans http://www.springframework.org/schema/beans/spring-beans-4.1.xsd
       http://www.springframework.org/schema/security http://www.springframework.org/schema/security/spring-security-3.2.xsd">

	<http pattern="/resources/**" security="none" />
	<http pattern="/auth/**" security="none" />


	<http auto-config='false' use-expressions="false">
<!-- 	 <intercept-url pattern="/**/*" access="isAuthenticated()" /> -->
		<anonymous enabled="false" />
		<form-login login-page="/auth/userTypeModel"
			authentication-failure-url="/login?error=1"
			default-target-url="/login" />
		<access-denied-handler error-page="/error/403" />
		<logout invalidate-session="false" success-handler-ref="customLogoutSuccessHandler" delete-cookies="JSESSIONID" />
<!-- 		<session-management invalid-session-url="/error/timeout" session-fixation-protection="none"> -->
<!-- 			<concurrency-control max-sessions="1" error-if-maximum-exceeded="false" /> -->
<!-- 		 </session-management> -->
		<remember-me data-source-ref="dataSource"
			token-validity-seconds="28800" />
	</http>
	<authentication-manager alias="authenticationManager">
		<authentication-provider user-service-ref="auditorUserDetailsService">
			<password-encoder ref="passwordEncoder" />
		</authentication-provider>
	</authentication-manager>

	<beans:bean id="passwordEncoder"
		class="org.springframework.security.crypto.bcrypt.BCryptPasswordEncoder" />
	<beans:bean id="springSecurityHandler"
		class="org.springframework.security.web.authentication.UsernamePasswordAuthenticationFilter">
		<beans:property name="authenticationManager" ref="authenticationManager" />
	</beans:bean>

	<beans:bean id="jasyptPBEStringEncryptor"
		class="org.jasypt.encryption.pbe.StandardPBEStringEncryptor">
		<beans:property name="algorithm" value="PBEWithMD5AndTripleDES" />
		<beans:property name="password" value="InternShiP" />
	</beans:bean>
	
	<beans:bean id="customLogoutSuccessHandler" class="com.intern.auditor.CustomLogoutSuccessHandler"></beans:bean>

</beans:beans>