<?xml version="1.0" encoding="UTF-8"?>
<beans xmlns="http://www.springframework.org/schema/beans"
	xmlns:xsi="http://www.w3.org/2001/XMLSchema-instance" xmlns:tx="http://www.springframework.org/schema/tx"
	xmlns:context="http://www.springframework.org/schema/context"
	xsi:schemaLocation="http://www.springframework.org/schema/beans http://www.springframework.org/schema/beans/spring-beans-4.1.xsd
       http://www.springframework.org/schema/tx http://www.springframework.org/schema/tx/spring-tx-4.1.xsd
       http://www.springframework.org/schema/context http://www.springframework.org/schema/context/spring-context-4.1.xsd">

	<tx:annotation-driven />
	<context:annotation-config />
	<context:component-scan base-package="com.intern.service" />
	<bean id="applicationProperties" name="applicationProperties"
		class="org.springframework.beans.factory.config.PropertiesFactoryBean">
		<property name="locations">
			<list>
				<value>classpath:application.properties</value>
			</list>
		</property>
	</bean>

	<bean id="messageSource"
		class="org.springframework.context.support.ResourceBundleMessageSource">
		<property name="basenames">
			<list>
				<value>messages</value>
			</list>
		</property>
	</bean>
	<bean id="javaMailSender" class="org.springframework.mail.javamail.JavaMailSenderImpl">
		<property name="host" value="${email.intern.host}" />
		<property name="port" value="${email.intern.port}" />
		<property name="username" value="${email.intern.username}" />
		<property name="password" value="${email.intern.password}" />
		<!--additional properties if required -->
		<property name="javaMailProperties">
			<props>
				<prop key="mail.transport.protocol">smtp</prop>
				<prop key="mail.smtp.auth">true</prop>
				<!-- <prop key="mail.smtp.socketFactory.class">javax.net.ssl.SSLSocketFactory</prop> -->
				<!-- <prop key="mail.smtp.socketFactory.port">todo-socket-factory-port</prop> -->
				<prop key="mail.debug">true</prop>
				<prop key="mail.smtp.starttls.enable">true</prop>
				<!-- <prop key="portal.email.from">${email.from}</prop> -->
			</props>
		</property>
	</bean>
</beans>