<?xml version="1.0" encoding="UTF-8"?>
<beans:beans xmlns="http://www.springframework.org/schema/mvc"
	xmlns:xsi="http://www.w3.org/2001/XMLSchema-instance" xmlns:beans="http://www.springframework.org/schema/beans"
	xmlns:context="http://www.springframework.org/schema/context"
	xsi:schemaLocation="http://www.springframework.org/schema/mvc http://www.springframework.org/schema/mvc/spring-mvc-4.1.xsd
		http://www.springframework.org/schema/beans http://www.springframework.org/schema/beans/spring-beans-4.1.xsd
		http://www.springframework.org/schema/context http://www.springframework.org/schema/context/spring-context-4.1.xsd">


	<!-- Enables the Spring MVC @Controller programming model -->
	<annotation-driven />

	<!--TODO verify the above annotation driven -->
	<context:annotation-config />

	<!-- DispatcherServlet Context: defines this servlet's request-processing 
		infrastructure -->
	<context:component-scan base-package="com.intern.controller">
		<context:include-filter type="annotation"
			expression="org.springframework.stereotype.Controller" />
	</context:component-scan>

	<view-controller path="/" view-name="/default" />

	<resources mapping="/resources/**" location="/resources/" />

	<beans:bean id="multipartResolver"
		class="org.springframework.web.multipart.commons.CommonsMultipartResolver">
		<!-- <beans:property name="maxUploadSize" value="52428800" /> -->
	</beans:bean>

	<beans:bean id="tilesViewResolver"
		class="org.springframework.web.servlet.view.UrlBasedViewResolver">
		<beans:property name="viewClass"
			value="org.springframework.web.servlet.view.tiles3.TilesView" />
	</beans:bean>

	<beans:bean id="viewResolver"
		class="org.springframework.web.servlet.view.InternalResourceViewResolver">
		<beans:property name="viewClass"
			value="org.springframework.web.servlet.view.JstlView"></beans:property>
		<beans:property name="prefix" value="/WEB-INF/views/"></beans:property>
		<beans:property name="suffix" value=".jsp"></beans:property>
	</beans:bean>
	<!-- <beans:bean id="viewResolver" -->
	<!-- class="org.springframework.web.servlet.view.ResourceBundleViewResolver"> -->
	<!-- <beans:property name="basename" value="reports-view" /> -->
	<!-- </beans:bean> -->

	<!-- <beans:bean id="exceptionResolver" -->
	<!-- class="org.springframework.web.servlet.handler.SimpleMappingExceptionResolver"> -->
	<!-- <beans:property name="exceptionMappings"> -->
	<!-- <beans:props> -->
	<!-- <beans:prop key="java.lang.Throwable">error/500</beans:prop> -->
	<!-- </beans:props> -->
	<!-- </beans:property> -->
	<!-- </beans:bean> -->

	<!-- Helper class to configure Tiles 3.x for the Spring Framework -->
	<!-- See http://static.springsource.org/spring/docs/3.0.x/javadoc-api/org/springframework/web/servlet/view/tiles2/TilesConfigurer.html -->
	<!-- The actual tiles templates are in the tiles-definitions.xml -->
	<beans:bean id="tilesConfigurer"
		class="org.springframework.web.servlet.view.tiles3.TilesConfigurer">
		<beans:property name="definitions">
			<beans:list>
				<beans:value>/WEB-INF/tiles/layouts.xml</beans:value>
				<beans:value>/WEB-INF/tiles/views.xml</beans:value>
			</beans:list>
		</beans:property>
	</beans:bean>

</beans:beans>